{
	"credit": "Made with Blockbench",
	"textures": {
		"0": "template:item/bullettexture",
		"particle": "template:item/bullettexture"
	},
	"elements": [
		{
			"from": [8, 0, 7],
			"to": [9, 1, 9],
			"rotation": {"angle": 0, "axis": "y", "origin": [8, 0, 7]},
			"faces": {
				"north": {"uv": [1, 2, 2, 3], "texture": "#0"},
				"east": {"uv": [0, 0, 2, 1], "texture": "#0"},
				"south": {"uv": [2, 2, 3, 3], "texture": "#0"},
				"west": {"uv": [0, 1, 2, 2], "texture": "#0"},
				"up": {"uv": [1, 4, 0, 2], "texture": "#0"},
				"down": {"uv": [3, 0, 2, 2], "texture": "#0"}
			}
		}
	],
	"display": {
		"thirdperson_righthand": {
			"translation": [0, 7.5, 0]
		},
		"thirdperson_lefthand": {
			"translation": [0, 7.5, 0]
		},
		"firstperson_righthand": {
			"translation": [0, 10.25, 1.25]
		},
		"firstperson_lefthand": {
			"translation": [0, 10.5, 1.25]
		},
		"ground": {
			"translation": [-2, 22.75, 0],
			"scale": [2.91797, 2.91797, 2.91797]
		},
		"gui": {
			"rotation": [180, 88.75, -180],
			"translation": [0, 30, 0],
			"scale": [4, 4, 4]
		},
		"fixed": {
			"rotation": [0, 89.5, 0],
			"translation": [0, 29.25, 0],
			"scale": [4, 4, 4]
		}
	}
}