{
	"credit": "Made with Blockbench",
	"texture_size": [32, 32],
	"textures": {
		"0": "template:item/milktexture",
		"particle": "template:item/milktexture"
	},
	"elements": [
		{
			"from": [6, 0, 6],
			"to": [10, 6, 10],
			"rotation": {"angle": 0, "axis": "y", "origin": [7, 0, 7]},
			"faces": {
				"north": {"uv": [0, 0, 2, 3], "texture": "#0"},
				"east": {"uv": [2, 0, 4, 3], "texture": "#0"},
				"south": {"uv": [0, 3, 2, 6], "texture": "#0"},
				"west": {"uv": [2, 3, 4, 6], "texture": "#0"},
				"up": {"uv": [5, 8, 3, 6], "texture": "#0"},
				"down": {"uv": [7, 6, 5, 8], "texture": "#0"}
			}
		},
		{
			"from": [7, 1, 5],
			"to": [9, 5, 11],
			"rotation": {"angle": 0, "axis": "y", "origin": [7, 0, 7]},
			"faces": {
				"north": {"uv": [8, 5.5, 9, 7.5], "texture": "#0"},
				"east": {"uv": [4, 0, 7, 2], "texture": "#0"},
				"south": {"uv": [8, 7.5, 9, 9.5], "texture": "#0"},
				"west": {"uv": [4, 2, 7, 4], "texture": "#0"},
				"up": {"uv": [9, 3, 8, 0], "texture": "#0"},
				"down": {"uv": [2, 8, 1, 11], "texture": "#0"}
			}
		},
		{
			"from": [5, 1, 7],
			"to": [11, 5, 9],
			"rotation": {"angle": 0, "axis": "y", "origin": [7, 0, 7]},
			"faces": {
				"north": {"uv": [4, 4, 7, 6], "texture": "#0"},
				"east": {"uv": [9, 0, 10, 2], "texture": "#0"},
				"south": {"uv": [0, 6, 3, 8], "texture": "#0"},
				"west": {"uv": [2, 9, 3, 11], "texture": "#0"},
				"up": {"uv": [5, 9, 2, 8], "texture": "#0"},
				"down": {"uv": [11, 3, 8, 4], "texture": "#0"}
			}
		},
		{
			"from": [7, 3, 7],
			"to": [9, 9, 9],
			"rotation": {"angle": 0, "axis": "y", "origin": [7, 3, 7]},
			"faces": {
				"north": {"uv": [7, 0, 8, 3], "texture": "#0"},
				"east": {"uv": [7, 3, 8, 6], "texture": "#0"},
				"south": {"uv": [7, 6, 8, 9], "texture": "#0"},
				"west": {"uv": [0, 8, 1, 11], "texture": "#0"},
				"up": {"uv": [10, 7.5, 9, 6.5], "texture": "#0"},
				"down": {"uv": [10, 7.5, 9, 8.5], "texture": "#0"}
			}
		},
		{
			"from": [6.5, 8, 6.5],
			"to": [9.5, 9.5, 9.5],
			"rotation": {"angle": 0, "axis": "y", "origin": [7, 8, 7]},
			"faces": {
				"north": {"uv": [9, 2, 10.5, 3], "texture": "#0"},
				"east": {"uv": [3, 9, 4.5, 10], "texture": "#0"},
				"south": {"uv": [9, 5.5, 10.5, 6.5], "texture": "#0"},
				"west": {"uv": [6.5, 9, 8, 10], "texture": "#0"},
				"up": {"uv": [9.5, 5.5, 8, 4], "texture": "#0"},
				"down": {"uv": [6.5, 8, 5, 9.5], "texture": "#0"}
			}
		}
	],
	"display": {
		"firstperson_righthand": {
			"translation": [0, 7.25, 1.5]
		},
		"firstperson_lefthand": {
			"translation": [0, 7, 1.25]
		},
		"ground": {
			"translation": [0, 5.5, 0]
		},
		"gui": {
			"rotation": [0, 0, -36.25],
			"translation": [1.75, 2.5, 0]
		},
		"fixed": {
			"translation": [0, 5.5, 0],
			"scale": [1.375, 1.375, 1.375]
		}
	},
	"groups": [
		{
			"name": "group",
			"origin": [6, 9, 4.5],
			"color": 0,
			"children": [0, 1, 2, 3, 4]
		}
	]
}