{
	"credit": "Made with Blockbench",
	"textures": {
		"0": "template:item/rifletexture",
		"particle": "template:item/rifletexture"
	},
	"elements": [
		{
			"from": [16, 3.25, 7.25],
			"to": [18.75, 3.75, 7.75],
			"rotation": {"angle": -45, "axis": "x", "origin": [16, 3.5, 7.5]},
			"faces": {
				"north": {"uv": [0, 8, 3, 9], "texture": "#0"},
				"east": {"uv": [4, 10, 5, 11], "texture": "#0"},
				"south": {"uv": [3, 8, 6, 9], "texture": "#0"},
				"west": {"uv": [10, 4, 11, 5], "texture": "#0"},
				"up": {"uv": [9, 9, 6, 8], "texture": "#0"},
				"down": {"uv": [3, 9, 0, 10], "texture": "#0"}
			}
		},
		{
			"from": [9, 3.25, 7.25],
			"to": [16, 3.75, 7.75],
			"rotation": {"angle": 0, "axis": "y", "origin": [7, 3, 7]},
			"faces": {
				"north": {"uv": [0, 0, 7, 1], "texture": "#0"},
				"east": {"uv": [5, 10, 6, 11], "texture": "#0"},
				"south": {"uv": [0, 1, 7, 2], "texture": "#0"},
				"west": {"uv": [10, 5, 11, 6], "texture": "#0"},
				"up": {"uv": [7, 3, 0, 2], "texture": "#0"},
				"down": {"uv": [7, 3, 0, 4], "texture": "#0"}
			}
		},
		{
			"from": [9, 3, 7],
			"to": [13, 3.5, 8],
			"rotation": {"angle": 0, "axis": "y", "origin": [7, 3, 7]},
			"faces": {
				"north": {"uv": [7, 1, 11, 2], "texture": "#0"},
				"east": {"uv": [6, 10, 7, 11], "texture": "#0"},
				"south": {"uv": [7, 2, 11, 3], "texture": "#0"},
				"west": {"uv": [10, 6, 11, 7], "texture": "#0"},
				"up": {"uv": [11, 4, 7, 3], "texture": "#0"},
				"down": {"uv": [9, 7, 5, 8], "texture": "#0"}
			}
		},
		{
			"from": [7, 3, 7],
			"to": [9, 4, 8],
			"rotation": {"angle": 0, "axis": "y", "origin": [8, 3.5, 7.5]},
			"faces": {
				"north": {"uv": [3, 9, 5, 10], "texture": "#0"},
				"east": {"uv": [7, 10, 8, 11], "texture": "#0"},
				"south": {"uv": [5, 9, 7, 10], "texture": "#0"},
				"west": {"uv": [8, 10, 9, 11], "texture": "#0"},
				"up": {"uv": [9, 10, 7, 9], "texture": "#0"},
				"down": {"uv": [11, 7, 9, 8], "texture": "#0"}
			}
		},
		{
			"from": [7.5, 3.25, 6.75],
			"to": [7.75, 3.75, 7],
			"rotation": {"angle": 45, "axis": "x", "origin": [7.5, 3.5, 7]},
			"faces": {
				"north": {"uv": [9, 10, 10, 11], "texture": "#0"},
				"east": {"uv": [10, 10, 11, 11], "texture": "#0"},
				"south": {"uv": [0, 11, 1, 12], "texture": "#0"},
				"west": {"uv": [1, 11, 2, 12], "texture": "#0"},
				"up": {"uv": [12, 2, 11, 1], "texture": "#0"},
				"down": {"uv": [3, 11, 2, 12], "texture": "#0"}
			}
		},
		{
			"from": [7.4, 3.1, 6.45],
			"to": [7.8, 3.4, 6.75],
			"rotation": {"angle": 45, "axis": "x", "origin": [7.4, 3.15, 6.85]},
			"faces": {
				"north": {"uv": [11, 2, 12, 3], "texture": "#0"},
				"east": {"uv": [3, 11, 4, 12], "texture": "#0"},
				"south": {"uv": [11, 3, 12, 4], "texture": "#0"},
				"west": {"uv": [4, 11, 5, 12], "texture": "#0"},
				"up": {"uv": [12, 5, 11, 4], "texture": "#0"},
				"down": {"uv": [6, 11, 5, 12], "texture": "#0"}
			}
		},
		{
			"from": [7.4, 3.5, 6.9],
			"to": [8.7, 3.9, 8],
			"rotation": {"angle": 0, "axis": "y", "origin": [8, 3.5, 7.5]},
			"faces": {
				"north": {"uv": [11, 5, 12, 6], "texture": "#0"},
				"east": {"uv": [6, 11, 7, 12], "texture": "#0"},
				"south": {"uv": [11, 6, 12, 7], "texture": "#0"},
				"west": {"uv": [7, 11, 8, 12], "texture": "#0"},
				"up": {"uv": [12, 8, 11, 7], "texture": "#0"},
				"down": {"uv": [9, 11, 8, 12], "texture": "#0"}
			}
		},
		{
			"from": [7.4, 3.1, 6.9],
			"to": [7.9, 3.9, 8],
			"rotation": {"angle": 0, "axis": "y", "origin": [8, 3.5, 7.5]},
			"faces": {
				"north": {"uv": [11, 8, 12, 9], "texture": "#0"},
				"east": {"uv": [9, 11, 10, 12], "texture": "#0"},
				"south": {"uv": [11, 9, 12, 10], "texture": "#0"},
				"west": {"uv": [10, 11, 11, 12], "texture": "#0"},
				"up": {"uv": [12, 11, 11, 10], "texture": "#0"},
				"down": {"uv": [12, 11, 11, 12], "texture": "#0"}
			}
		},
		{
			"from": [7.2, 4, 7.3],
			"to": [7.5, 4.55, 7.7],
			"rotation": {"angle": 0, "axis": "y", "origin": [8, 4.5, 7.5]},
			"faces": {
				"north": {"uv": [0, 12, 1, 13], "texture": "#0"},
				"east": {"uv": [12, 0, 13, 1], "texture": "#0"},
				"south": {"uv": [1, 12, 2, 13], "texture": "#0"},
				"west": {"uv": [12, 1, 13, 2], "texture": "#0"},
				"up": {"uv": [3, 13, 2, 12], "texture": "#0"},
				"down": {"uv": [13, 2, 12, 3], "texture": "#0"}
			}
		},
		{
			"from": [7, 4.4, 7.2],
			"to": [9, 5, 7.8],
			"rotation": {"angle": -45, "axis": "x", "origin": [8, 4.7, 7.5]},
			"faces": {
				"north": {"uv": [9, 8, 11, 9], "texture": "#0"},
				"east": {"uv": [3, 12, 4, 13], "texture": "#0"},
				"south": {"uv": [9, 9, 11, 10], "texture": "#0"},
				"west": {"uv": [12, 3, 13, 4], "texture": "#0"},
				"up": {"uv": [2, 11, 0, 10], "texture": "#0"},
				"down": {"uv": [4, 10, 2, 11], "texture": "#0"}
			}
		},
		{
			"from": [8.4, 4, 7.3],
			"to": [8.7, 4.55, 7.7],
			"rotation": {"angle": 0, "axis": "y", "origin": [9.2, 4.5, 7.5]},
			"faces": {
				"north": {"uv": [4, 12, 5, 13], "texture": "#0"},
				"east": {"uv": [12, 4, 13, 5], "texture": "#0"},
				"south": {"uv": [5, 12, 6, 13], "texture": "#0"},
				"west": {"uv": [12, 5, 13, 6], "texture": "#0"},
				"up": {"uv": [7, 13, 6, 12], "texture": "#0"},
				"down": {"uv": [13, 6, 12, 7], "texture": "#0"}
			}
		},
		{
			"from": [8.8, 4.3, 7.1],
			"to": [9.3, 5.1, 7.9],
			"rotation": {"angle": -45, "axis": "x", "origin": [9, 4.7, 7.5]},
			"faces": {
				"north": {"uv": [7, 12, 8, 13], "texture": "#0"},
				"east": {"uv": [12, 7, 13, 8], "texture": "#0"},
				"south": {"uv": [8, 12, 9, 13], "texture": "#0"},
				"west": {"uv": [12, 8, 13, 9], "texture": "#0"},
				"up": {"uv": [10, 13, 9, 12], "texture": "#0"},
				"down": {"uv": [13, 9, 12, 10], "texture": "#0"}
			}
		},
		{
			"from": [6.6, 4.3, 7.1],
			"to": [7.1, 5.1, 7.9],
			"rotation": {"angle": -45, "axis": "x", "origin": [6.8, 4.7, 7.5]},
			"faces": {
				"north": {"uv": [10, 12, 11, 13], "texture": "#0"},
				"east": {"uv": [12, 10, 13, 11], "texture": "#0"},
				"south": {"uv": [11, 12, 12, 13], "texture": "#0"},
				"west": {"uv": [12, 11, 13, 12], "texture": "#0"},
				"up": {"uv": [13, 13, 12, 12], "texture": "#0"},
				"down": {"uv": [1, 13, 0, 14], "texture": "#0"}
			}
		},
		{
			"from": [2.55, 2.6, 7],
			"to": [7.05, 3.3, 8],
			"rotation": {"angle": 0, "axis": "y", "origin": [6.05, 2.8, 7.5]},
			"faces": {
				"north": {"uv": [0, 4, 5, 5], "texture": "#0"},
				"east": {"uv": [13, 0, 14, 1], "texture": "#0"},
				"south": {"uv": [0, 5, 5, 6], "texture": "#0"},
				"west": {"uv": [1, 13, 2, 14], "texture": "#0"},
				"up": {"uv": [10, 5, 5, 4], "texture": "#0"},
				"down": {"uv": [10, 5, 5, 6], "texture": "#0"}
			}
		},
		{
			"from": [6.64645, 2.43934, 7],
			"to": [7.64645, 3.43934, 8],
			"rotation": {"angle": 45, "axis": "z", "origin": [6.64645, 2.93934, 7.5]},
			"faces": {
				"north": {"uv": [13, 1, 14, 2], "texture": "#0"},
				"east": {"uv": [2, 13, 3, 14], "texture": "#0"},
				"south": {"uv": [13, 2, 14, 3], "texture": "#0"},
				"west": {"uv": [3, 13, 4, 14], "texture": "#0"},
				"up": {"uv": [14, 4, 13, 3], "texture": "#0"},
				"down": {"uv": [5, 13, 4, 14], "texture": "#0"}
			}
		},
		{
			"from": [2.55, 1.6, 7],
			"to": [3.25, 2.6, 8],
			"rotation": {"angle": 0, "axis": "y", "origin": [6.05, 2.8, 7.5]},
			"faces": {
				"north": {"uv": [13, 4, 14, 5], "texture": "#0"},
				"east": {"uv": [5, 13, 6, 14], "texture": "#0"},
				"south": {"uv": [13, 5, 14, 6], "texture": "#0"},
				"west": {"uv": [6, 13, 7, 14], "texture": "#0"},
				"up": {"uv": [14, 7, 13, 6], "texture": "#0"},
				"down": {"uv": [8, 13, 7, 14], "texture": "#0"}
			}
		},
		{
			"from": [2.45, 2.3, 7],
			"to": [7.05, 3, 8],
			"rotation": {"angle": 22.5, "axis": "z", "origin": [6.05, 2.5, 7.5]},
			"faces": {
				"north": {"uv": [0, 6, 5, 7], "texture": "#0"},
				"east": {"uv": [13, 7, 14, 8], "texture": "#0"},
				"south": {"uv": [5, 6, 10, 7], "texture": "#0"},
				"west": {"uv": [8, 13, 9, 14], "texture": "#0"},
				"up": {"uv": [5, 8, 0, 7], "texture": "#0"},
				"down": {"uv": [12, 0, 7, 1], "texture": "#0"}
			}
		}
	],
	"display": {
		"thirdperson_righthand": {
			"rotation": [88.4, 89.5, -88.67],
			"translation": [0.5, 8.75, 1.5],
			"scale": [2, 2, 2]
		},
		"thirdperson_lefthand": {
			"rotation": [-67.18, 87.43, 78.61],
			"translation": [1, 9.5, 9.5],
			"scale": [2.00781, 2.00781, 2.00781]
		},
		"firstperson_righthand": {
			"rotation": [0, 82.25, 0],
			"translation": [1.75, 13.25, 3.25],
			"scale": [2.00586, 2.00586, 2.00586]
		},
		"firstperson_lefthand": {
			"rotation": [-69, 74, 0],
			"translation": [-2.25, 9.75, 0],
			"scale": [2, 2, 2]
		},
		"ground": {
			"rotation": [80.75, 1.12, 1.25],
			"translation": [0, -2.25, 4]
		},
		"gui": {
			"rotation": [0, 0, 41.5],
			"translation": [-6, 2.5, 0],
			"scale": [1.21094, 1.21094, 1.21094]
		},
		"fixed": {
			"translation": [-2.5, 4.75, 0]
		}
	},
	"groups": [
		{
			"name": "group",
			"origin": [6.05, 2.5, 7.5],
			"color": 0,
			"children": [0, 1, 2, 3, 4, 5, 6, 7, 8, 9, 10, 11, 12, 13, 14, 15, 16]
		}
	]
}