{
	"credit": "Made with Blockbench",
	"texture_size": [128, 128],
	"textures": {
		"0": "template:item/bazookatexture",
		"particle": "template:item/bazookatexture"
	},
	"elements": [
		{
			"from": [7.25, 9.25, -15.25],
			"to": [10.75, 12.75, 29.25],
			"rotation": {"angle": 0, "axis": "y", "origin": [9, 11, 0]},
			"faces": {
				"north": {"uv": [5.625, 0, 6.125, 0.5], "texture": "#0"},
				"east": {"uv": [0, 0, 5.625, 0.5], "texture": "#0"},
				"south": {"uv": [5.625, 0.5, 6.125, 1], "texture": "#0"},
				"west": {"uv": [0, 0.5, 5.625, 1], "texture": "#0"},
				"up": {"uv": [0.5, 6.625, 0, 1], "texture": "#0"},
				"down": {"uv": [1, 1, 0.5, 6.625], "texture": "#0"}
			}
		},
		{
			"from": [7, 9, -15],
			"to": [11, 13, 29],
			"rotation": {"angle": 45, "axis": "z", "origin": [9, 11, 0]},
			"faces": {
				"north": {"uv": [6, 5.125, 6.5, 5.625], "texture": "#0"},
				"east": {"uv": [2, 2, 7.5, 2.5], "texture": "#0"},
				"south": {"uv": [6, 5.625, 6.5, 6.125], "texture": "#0"},
				"west": {"uv": [2, 2.5, 7.5, 3], "texture": "#0"},
				"up": {"uv": [2.5, 8.5, 2, 3], "texture": "#0"},
				"down": {"uv": [3, 3, 2.5, 8.5], "texture": "#0"}
			}
		},
		{
			"from": [7, 9, -15],
			"to": [11, 13, 29],
			"rotation": {"angle": 0, "axis": "y", "origin": [9, 11, 0]},
			"faces": {
				"north": {"uv": [6.125, 0, 6.625, 0.5], "texture": "#0"},
				"east": {"uv": [3, 3, 8.5, 3.5], "texture": "#0"},
				"south": {"uv": [6.125, 0.5, 6.625, 1], "texture": "#0"},
				"west": {"uv": [3, 3.5, 8.5, 4], "texture": "#0"},
				"up": {"uv": [3.5, 9.5, 3, 4], "texture": "#0"},
				"down": {"uv": [4, 4, 3.5, 9.5], "texture": "#0"}
			}
		},
		{
			"from": [7.25, 9.25, -15.25],
			"to": [10.75, 12.75, 29.25],
			"rotation": {"angle": 45, "axis": "z", "origin": [9, 11, 0]},
			"faces": {
				"north": {"uv": [6, 6.125, 6.5, 6.625], "texture": "#0"},
				"east": {"uv": [1, 1, 6.625, 1.5], "texture": "#0"},
				"south": {"uv": [4, 6.25, 4.5, 6.75], "texture": "#0"},
				"west": {"uv": [1, 1.5, 6.625, 2], "texture": "#0"},
				"up": {"uv": [1.5, 7.625, 1, 2], "texture": "#0"},
				"down": {"uv": [2, 2, 1.5, 7.625], "texture": "#0"}
			}
		},
		{
			"from": [7, 13, 31],
			"to": [11, 14, 32],
			"rotation": {"angle": 0, "axis": "y", "origin": [9, 13.5, 31.5]},
			"faces": {
				"north": {"uv": [6.25, 4.875, 6.75, 5], "texture": "#0"},
				"east": {"uv": [6.875, 5.875, 7, 6], "texture": "#0"},
				"south": {"uv": [6.25, 5, 6.75, 5.125], "texture": "#0"},
				"west": {"uv": [6.875, 6, 7, 6.125], "texture": "#0"},
				"up": {"uv": [7, 4.125, 6.5, 4], "texture": "#0"},
				"down": {"uv": [7, 4.125, 6.5, 4.25], "texture": "#0"}
			}
		},
		{
			"from": [11, 9, 31],
			"to": [12, 13, 32],
			"rotation": {"angle": 0, "axis": "y", "origin": [10, 8, 3]},
			"faces": {
				"north": {"uv": [5.75, 6.25, 5.875, 6.75], "texture": "#0"},
				"east": {"uv": [5.875, 6.25, 6, 6.75], "texture": "#0"},
				"south": {"uv": [6.5, 4.25, 6.625, 4.75], "texture": "#0"},
				"west": {"uv": [6.5, 5.125, 6.625, 5.625], "texture": "#0"},
				"up": {"uv": [7, 6.25, 6.875, 6.125], "texture": "#0"},
				"down": {"uv": [7, 6.75, 6.875, 6.875], "texture": "#0"}
			}
		},
		{
			"from": [6, 9, 31],
			"to": [7, 13, 32],
			"rotation": {"angle": 0, "axis": "y", "origin": [8, 11, 3]},
			"faces": {
				"north": {"uv": [6.5, 5.625, 6.625, 6.125], "texture": "#0"},
				"east": {"uv": [6.5, 6.125, 6.625, 6.625], "texture": "#0"},
				"south": {"uv": [0, 6.625, 0.125, 7.125], "texture": "#0"},
				"west": {"uv": [6.625, 0, 6.75, 0.5], "texture": "#0"},
				"up": {"uv": [7, 7, 6.875, 6.875], "texture": "#0"},
				"down": {"uv": [0.5, 7, 0.375, 7.125], "texture": "#0"}
			}
		},
		{
			"from": [7, 8, 31],
			"to": [11, 9, 32],
			"rotation": {"angle": 0, "axis": "y", "origin": [9, 7, 3]},
			"faces": {
				"north": {"uv": [6.5, 4.75, 7, 4.875], "texture": "#0"},
				"east": {"uv": [0.5, 7, 0.625, 7.125], "texture": "#0"},
				"south": {"uv": [0.125, 6.625, 0.625, 6.75], "texture": "#0"},
				"west": {"uv": [4, 7, 4.125, 7.125], "texture": "#0"},
				"up": {"uv": [7.125, 0.625, 6.625, 0.5], "texture": "#0"},
				"down": {"uv": [7.125, 0.625, 6.625, 0.75], "texture": "#0"}
			}
		},
		{
			"from": [8.5, 12.3, 27.5],
			"to": [9.5, 13.3, 31.5],
			"rotation": {"angle": -22.5, "axis": "x", "origin": [9, 12.8, 29.5]},
			"faces": {
				"north": {"uv": [7, 4, 7.125, 4.125], "texture": "#0"},
				"east": {"uv": [6.625, 0.75, 7.125, 0.875], "texture": "#0"},
				"south": {"uv": [4.125, 7, 4.25, 7.125], "texture": "#0"},
				"west": {"uv": [6.625, 0.875, 7.125, 1], "texture": "#0"},
				"up": {"uv": [0.75, 7.125, 0.625, 6.625], "texture": "#0"},
				"down": {"uv": [0.875, 6.625, 0.75, 7.125], "texture": "#0"}
			}
		},
		{
			"from": [8.5, 8.7, 27.5],
			"to": [9.5, 9.7, 31.5],
			"rotation": {"angle": 22.5, "axis": "x", "origin": [9, 9.2, 29.5]},
			"faces": {
				"north": {"uv": [7, 4.125, 7.125, 4.25], "texture": "#0"},
				"east": {"uv": [6.625, 1, 7.125, 1.125], "texture": "#0"},
				"south": {"uv": [4.25, 7, 4.375, 7.125], "texture": "#0"},
				"west": {"uv": [6.625, 1.125, 7.125, 1.25], "texture": "#0"},
				"up": {"uv": [1, 7.125, 0.875, 6.625], "texture": "#0"},
				"down": {"uv": [6.75, 1.25, 6.625, 1.75], "texture": "#0"}
			}
		},
		{
			"from": [10.3, 10.5, 27.5],
			"to": [11.3, 11.5, 31.5],
			"rotation": {"angle": 22.5, "axis": "y", "origin": [10.8, 11, 29.5]},
			"faces": {
				"north": {"uv": [4.375, 7, 4.5, 7.125], "texture": "#0"},
				"east": {"uv": [6.625, 1.75, 7.125, 1.875], "texture": "#0"},
				"south": {"uv": [7, 4.75, 7.125, 4.875], "texture": "#0"},
				"west": {"uv": [6.625, 1.875, 7.125, 2], "texture": "#0"},
				"up": {"uv": [6.75, 4.75, 6.625, 4.25], "texture": "#0"},
				"down": {"uv": [6.75, 5.125, 6.625, 5.625], "texture": "#0"}
			}
		},
		{
			"from": [6.7, 10.5, 27.5],
			"to": [7.7, 11.5, 31.5],
			"rotation": {"angle": -22.5, "axis": "y", "origin": [7.2, 11, 29.5]},
			"faces": {
				"north": {"uv": [7, 5.125, 7.125, 5.25], "texture": "#0"},
				"east": {"uv": [5.25, 6.625, 5.75, 6.75], "texture": "#0"},
				"south": {"uv": [5.25, 7, 5.375, 7.125], "texture": "#0"},
				"west": {"uv": [6.625, 5.625, 7.125, 5.75], "texture": "#0"},
				"up": {"uv": [6.75, 6.25, 6.625, 5.75], "texture": "#0"},
				"down": {"uv": [6.125, 6.625, 6, 7.125], "texture": "#0"}
			}
		},
		{
			"from": [3.25, 7.5, -15],
			"to": [4.25, 11.5, -14],
			"rotation": {"angle": 0, "axis": "y", "origin": [3.75, 9.5, -14.5]},
			"faces": {
				"north": {"uv": [6.125, 6.625, 6.25, 7.125], "texture": "#0"},
				"east": {"uv": [6.25, 6.625, 6.375, 7.125], "texture": "#0"},
				"south": {"uv": [6.625, 6.25, 6.75, 6.75], "texture": "#0"},
				"west": {"uv": [6.375, 6.625, 6.5, 7.125], "texture": "#0"},
				"up": {"uv": [7.125, 5.375, 7, 5.25], "texture": "#0"},
				"down": {"uv": [5.5, 7, 5.375, 7.125], "texture": "#0"}
			}
		},
		{
			"from": [3.2891, 11.30343, -15],
			"to": [7.2891, 12.30343, -14],
			"rotation": {"angle": 0, "axis": "x", "origin": [5.2891, 11.80343, -14.5]},
			"rotated": [0, 0, 22.5],
			"faces": {
				"north": {"uv": [6.75, 0, 7.25, 0.125], "texture": "#0"},
				"east": {"uv": [7, 5.375, 7.125, 5.5], "texture": "#0"},
				"south": {"uv": [0.125, 6.75, 0.625, 6.875], "texture": "#0"},
				"west": {"uv": [5.5, 7, 5.625, 7.125], "texture": "#0"},
				"up": {"uv": [7.25, 0.25, 6.75, 0.125], "texture": "#0"},
				"down": {"uv": [7.25, 0.25, 6.75, 0.375], "texture": "#0"}
			}
		},
		{
			"from": [3.44134, 7.46194, -15],
			"to": [5.44134, 8.46194, -14],
			"rotation": {"angle": -22.5, "axis": "z", "origin": [3.44134, 7.96194, -14.5]},
			"faces": {
				"north": {"uv": [0.375, 6.875, 0.625, 7], "texture": "#0"},
				"east": {"uv": [7, 5.5, 7.125, 5.625], "texture": "#0"},
				"south": {"uv": [4, 6.875, 4.25, 7], "texture": "#0"},
				"west": {"uv": [5.625, 7, 5.75, 7.125], "texture": "#0"},
				"up": {"uv": [4.5, 7, 4.25, 6.875], "texture": "#0"},
				"down": {"uv": [7.125, 5.75, 6.875, 5.875], "texture": "#0"}
			}
		},
		{
			"from": [4.74421, 6.58819, -15],
			"to": [8.74421, 7.58819, -14],
			"rotation": {"angle": 45, "axis": "z", "origin": [4.74421, 7.08819, -14.5]},
			"faces": {
				"north": {"uv": [6.75, 0.375, 7.25, 0.5], "texture": "#0"},
				"east": {"uv": [7, 5.875, 7.125, 6], "texture": "#0"},
				"south": {"uv": [6.75, 1.25, 7.25, 1.375], "texture": "#0"},
				"west": {"uv": [7, 6, 7.125, 6.125], "texture": "#0"},
				"up": {"uv": [7.25, 1.5, 6.75, 1.375], "texture": "#0"},
				"down": {"uv": [7.25, 1.5, 6.75, 1.625], "texture": "#0"}
			}
		},
		{
			"from": [3.75, 9, -15],
			"to": [7.75, 9.3, -14],
			"rotation": {"angle": 0, "axis": "z", "origin": [5.75, 9.5, -14.5]},
			"faces": {
				"north": {"uv": [6.75, 1.625, 7.25, 1.75], "texture": "#0"},
				"east": {"uv": [7, 6.125, 7.125, 6.25], "texture": "#0"},
				"south": {"uv": [4, 6.75, 4.5, 6.875], "texture": "#0"},
				"west": {"uv": [7, 6.25, 7.125, 6.375], "texture": "#0"},
				"up": {"uv": [7.25, 4.375, 6.75, 4.25], "texture": "#0"},
				"down": {"uv": [7.25, 4.375, 6.75, 4.5], "texture": "#0"}
			}
		},
		{
			"from": [3.75, 10.3, -15],
			"to": [7.75, 10.6, -14],
			"rotation": {"angle": 0, "axis": "z", "origin": [5.75, 10.8, -14.5]},
			"faces": {
				"north": {"uv": [6.75, 4.5, 7.25, 4.625], "texture": "#0"},
				"east": {"uv": [7, 6.375, 7.125, 6.5], "texture": "#0"},
				"south": {"uv": [6.75, 4.625, 7.25, 4.75], "texture": "#0"},
				"west": {"uv": [7, 6.5, 7.125, 6.625], "texture": "#0"},
				"up": {"uv": [7.25, 5, 6.75, 4.875], "texture": "#0"},
				"down": {"uv": [7.25, 5, 6.75, 5.125], "texture": "#0"}
			}
		},
		{
			"from": [8, 4, -7],
			"to": [10, 13, -5],
			"rotation": {"angle": 0, "axis": "y", "origin": [9, 11, -4]},
			"faces": {
				"north": {"uv": [4.75, 4, 5, 5.125], "texture": "#0"},
				"east": {"uv": [5, 4, 5.25, 5.125], "texture": "#0"},
				"south": {"uv": [4, 5.125, 4.25, 6.25], "texture": "#0"},
				"west": {"uv": [4.25, 5.125, 4.5, 6.25], "texture": "#0"},
				"up": {"uv": [7, 5.375, 6.75, 5.125], "texture": "#0"},
				"down": {"uv": [5.5, 6.75, 5.25, 7], "texture": "#0"}
			}
		},
		{
			"from": [8, 4, 6],
			"to": [10, 13, 8],
			"rotation": {"angle": 0, "axis": "y", "origin": [9, 11, 9]},
			"faces": {
				"north": {"uv": [4.5, 5.125, 4.75, 6.25], "texture": "#0"},
				"east": {"uv": [4.75, 5.125, 5, 6.25], "texture": "#0"},
				"south": {"uv": [5, 5.125, 5.25, 6.25], "texture": "#0"},
				"west": {"uv": [5.25, 4, 5.5, 5.125], "texture": "#0"},
				"up": {"uv": [7, 5.625, 6.75, 5.375], "texture": "#0"},
				"down": {"uv": [5.75, 6.75, 5.5, 7], "texture": "#0"}
			}
		},
		{
			"from": [8.5, 6, 6],
			"to": [9.5, 10, 7],
			"rotation": {"angle": 22.5, "axis": "x", "origin": [9, 10, 8]},
			"faces": {
				"north": {"uv": [6.5, 6.625, 6.625, 7.125], "texture": "#0"},
				"east": {"uv": [5.75, 6.75, 5.875, 7.25], "texture": "#0"},
				"south": {"uv": [6.75, 5.75, 6.875, 6.25], "texture": "#0"},
				"west": {"uv": [5.875, 6.75, 6, 7.25], "texture": "#0"},
				"up": {"uv": [6.75, 7.125, 6.625, 7], "texture": "#0"},
				"down": {"uv": [7.125, 6.625, 7, 6.75], "texture": "#0"}
			}
		},
		{
			"from": [8, 4, 15.75],
			"to": [10, 13, 18.75],
			"rotation": {"angle": 0, "axis": "x", "origin": [9, 11, 18.75]},
			"faces": {
				"north": {"uv": [5.25, 5.125, 5.5, 6.25], "texture": "#0"},
				"east": {"uv": [4, 4, 4.375, 5.125], "texture": "#0"},
				"south": {"uv": [5.5, 4, 5.75, 5.125], "texture": "#0"},
				"west": {"uv": [4.375, 4, 4.75, 5.125], "texture": "#0"},
				"up": {"uv": [5.5, 6.625, 5.25, 6.25], "texture": "#0"},
				"down": {"uv": [5.75, 6.25, 5.5, 6.625], "texture": "#0"}
			}
		},
		{
			"from": [8, 4, 10],
			"to": [10, 13, 12],
			"rotation": {"angle": -45, "axis": "x", "origin": [9, 11, 13]},
			"faces": {
				"north": {"uv": [5.5, 5.125, 5.75, 6.25], "texture": "#0"},
				"east": {"uv": [5.75, 4, 6, 5.125], "texture": "#0"},
				"south": {"uv": [5.75, 5.125, 6, 6.25], "texture": "#0"},
				"west": {"uv": [6, 4, 6.25, 5.125], "texture": "#0"},
				"up": {"uv": [7, 6.5, 6.75, 6.25], "texture": "#0"},
				"down": {"uv": [7, 6.5, 6.75, 6.75], "texture": "#0"}
			}
		},
		{
			"from": [8, 6, 13.75],
			"to": [10, 13, 15.75],
			"rotation": {"angle": 0, "axis": "x", "origin": [9, 11, 18.75]},
			"faces": {
				"north": {"uv": [6.25, 4, 6.5, 4.875], "texture": "#0"},
				"east": {"uv": [4.5, 6.25, 4.75, 7.125], "texture": "#0"},
				"south": {"uv": [4.75, 6.25, 5, 7.125], "texture": "#0"},
				"west": {"uv": [5, 6.25, 5.25, 7.125], "texture": "#0"},
				"up": {"uv": [6.875, 7, 6.625, 6.75], "texture": "#0"},
				"down": {"uv": [0.375, 6.875, 0.125, 7.125], "texture": "#0"}
			}
		}
	],
	"display": {
		"thirdperson_righthand": {
			"translation": [0, 0.25, 1.5],
			"scale": [0.5, 0.5, 0.5]
		},
		"thirdperson_lefthand": {
			"translation": [0, 0.5, 2],
			"scale": [0.49805, 0.49805, 0.49805]
		},
		"firstperson_righthand": {
			"translation": [7.5, 0, 3]
		},
		"ground": {
			"scale": [0.49609, 0.49609, 0.49609]
		},
		"gui": {
			"rotation": [-92.96, 47.17, 92.16],
			"translation": [1, -0.5, 0],
			"scale": [0.37109, 0.37109, 0.37109]
		},
		"fixed": {
			"rotation": [180, -89.75, 180],
			"translation": [0, -0.75, 0],
			"scale": [0.38867, 0.38867, 0.38867]
		}
	},
	"groups": [
		{
			"name": "group",
			"origin": [9, 11, 18.75],
			"color": 0,
			"children": [0, 1, 2, 3, 4, 5, 6, 7, 8, 9, 10, 11, 12, 13, 14, 15, 16, 17, 18, 19, 20, 21, 22, 23]
		}
	]
}