{
	"credit": "Made with Blockbench",
	"texture_size": [32, 32],
	"textures": {
		"0": "template:item/blickytexture",
		"particle": "template:item/blickytexture"
	},
	"elements": [
		{
			"from": [6, 0, 5],
			"to": [8, 5, 8],
			"rotation": {"angle": -22.5, "axis": "z", "origin": [7, 3, 8]},
			"faces": {
				"north": {"uv": [5, 5, 6, 7.5], "texture": "#0"},
				"east": {"uv": [5, 0, 6.5, 2.5], "texture": "#0"},
				"south": {"uv": [0, 6, 1, 8.5], "texture": "#0"},
				"west": {"uv": [5, 2.5, 6.5, 5], "texture": "#0"},
				"up": {"uv": [5, 7.5, 4, 6], "texture": "#0"},
				"down": {"uv": [7, 5, 6, 6.5], "texture": "#0"}
			}
		},
		{
			"from": [5, 0, 6],
			"to": [7, 1, 7],
			"rotation": {"angle": 0, "axis": "y", "origin": [5, 0, 7]},
			"faces": {
				"north": {"uv": [6.5, 4.5, 7.5, 5], "texture": "#0"},
				"east": {"uv": [7.5, 2.5, 8, 3], "texture": "#0"},
				"south": {"uv": [6.5, 6.5, 7.5, 7], "texture": "#0"},
				"west": {"uv": [3, 7.5, 3.5, 8], "texture": "#0"},
				"up": {"uv": [8, 0.5, 7, 0], "texture": "#0"},
				"down": {"uv": [8, 0.5, 7, 1], "texture": "#0"}
			}
		},
		{
			"from": [7, 3, 5],
			"to": [17, 6, 8],
			"rotation": {"angle": 0, "axis": "y", "origin": [7, 3, 6]},
			"faces": {
				"north": {"uv": [0, 0, 5, 1.5], "texture": "#0"},
				"east": {"uv": [1, 6, 2.5, 7.5], "texture": "#0"},
				"south": {"uv": [0, 1.5, 5, 3], "texture": "#0"},
				"west": {"uv": [2.5, 6, 4, 7.5], "texture": "#0"},
				"up": {"uv": [5, 4.5, 0, 3], "texture": "#0"},
				"down": {"uv": [5, 4.5, 0, 6], "texture": "#0"}
			}
		},
		{
			"from": [6, 3, 6],
			"to": [7, 6, 7],
			"rotation": {"angle": 22.5, "axis": "z", "origin": [6, 4, 6]},
			"faces": {
				"north": {"uv": [6.5, 0, 7, 1.5], "texture": "#0"},
				"east": {"uv": [6.5, 1.5, 7, 3], "texture": "#0"},
				"south": {"uv": [6.5, 3, 7, 4.5], "texture": "#0"},
				"west": {"uv": [6, 6.5, 6.5, 8], "texture": "#0"},
				"up": {"uv": [8, 3.5, 7.5, 3], "texture": "#0"},
				"down": {"uv": [4, 7.5, 3.5, 8], "texture": "#0"}
			}
		},
		{
			"from": [8, 2, 6],
			"to": [9, 4, 7],
			"rotation": {"angle": 0, "axis": "y", "origin": [8, 2, 6]},
			"faces": {
				"north": {"uv": [7, 1, 7.5, 2], "texture": "#0"},
				"east": {"uv": [7, 2, 7.5, 3], "texture": "#0"},
				"south": {"uv": [7, 3, 7.5, 4], "texture": "#0"},
				"west": {"uv": [7, 5, 7.5, 6], "texture": "#0"},
				"up": {"uv": [8, 4, 7.5, 3.5], "texture": "#0"},
				"down": {"uv": [4.5, 7.5, 4, 8], "texture": "#0"}
			}
		},
		{
			"from": [7, 1, 6],
			"to": [9, 2, 7],
			"rotation": {"angle": 0, "axis": "y", "origin": [7, 0, 5]},
			"faces": {
				"north": {"uv": [7, 4, 8, 4.5], "texture": "#0"},
				"east": {"uv": [4.5, 7.5, 5, 8], "texture": "#0"},
				"south": {"uv": [7, 6, 8, 6.5], "texture": "#0"},
				"west": {"uv": [7.5, 4.5, 8, 5], "texture": "#0"},
				"up": {"uv": [7.5, 7.5, 6.5, 7], "texture": "#0"},
				"down": {"uv": [2, 7.5, 1, 8], "texture": "#0"}
			}
		},
		{
			"from": [9, 2, 6],
			"to": [11, 3, 7],
			"rotation": {"angle": 45, "axis": "z", "origin": [10, 2, 6]},
			"faces": {
				"north": {"uv": [7.5, 1, 8.5, 1.5], "texture": "#0"},
				"east": {"uv": [5, 7.5, 5.5, 8], "texture": "#0"},
				"south": {"uv": [7.5, 1.5, 8.5, 2], "texture": "#0"},
				"west": {"uv": [7.5, 5, 8, 5.5], "texture": "#0"},
				"up": {"uv": [3, 8, 2, 7.5], "texture": "#0"},
				"down": {"uv": [8.5, 2, 7.5, 2.5], "texture": "#0"}
			}
		}
	],
	"display": {
		"thirdperson_righthand": {
			"rotation": [158.41, 89.25, -154.36],
			"translation": [1.75, 4, 0.75]
		},
		"thirdperson_lefthand": {
			"rotation": [122.48, -88.23, 122.45],
			"translation": [-1.75, 3.75, 0]
		},
		"firstperson_righthand": {
			"rotation": [4.12, 79.66, -7.78],
			"translation": [4.5, 6.5, 0]
		},
		"firstperson_lefthand": {
			"rotation": [-110.79, -89, 177.95],
			"translation": [3, 0, 0]
		},
		"ground": {
			"rotation": [-87.96, -1.07, 78.21],
			"translation": [-4.5, 0.5, 1.75]
		},
		"gui": {
			"translation": [-3.25, 3.25, 0]
		},
		"head": {
			"translation": [-16.75, 6, 0.75]
		},
		"fixed": {
			"translation": [-3.25, 5, 0]
		}
	}
}